Votes,Score,English_Name,Favourites_count,Popularity_ranking
746253,10,Death Note,3526443,2
743047,9,Death Note,3526443,2
580554,8,Death Note,3526443,2
275168,7,Death Note,3526443,2
91619,6,Death Note,3526443,2
37229,5,Death Note,3526443,2
13946,4,Death Note,3526443,2
4948,3,Death Note,3526443,2
2957,2,Death Note,3526443,2
4943,1,Death Note,3526443,2
689624,10,Shingeki no Kyojin,,1
730058,9,Shingeki no Kyojin,,1
654041,8,Shingeki no Kyojin,,1
299805,7,Shingeki no Kyojin,,1
91115,6,Shingeki no Kyojin,,1
38582,5,Shingeki no Kyojin,,1
14612,4,Shingeki no Kyojin,,1
5819,3,Shingeki no Kyojin,,1
3477,2,Shingeki no Kyojin,,1
8052,1,Shingeki no Kyojin,,1
930570,10,Fullmetal Alchemist: Brotherhood,209114,3
530662,9,Fullmetal Alchemist: Brotherhood,209114,3
269821,8,Fullmetal Alchemist: Brotherhood,209114,3
96508,7,Fullmetal Alchemist: Brotherhood,209114,3
28570,6,Fullmetal Alchemist: Brotherhood,209114,3
13588,5,Fullmetal Alchemist: Brotherhood,209114,3
4891,4,Fullmetal Alchemist: Brotherhood,209114,3
2369,3,Fullmetal Alchemist: Brotherhood,209114,3
2948,2,Fullmetal Alchemist: Brotherhood,209114,3
37919,1,Fullmetal Alchemist: Brotherhood,209114,3
287249,10,Sword Art Online,65242,5
285962,9,Sword Art Online,65242,5
390160,8,Sword Art Online,65242,5
402319,7,Sword Art Online,65242,5
250646,6,Sword Art Online,65242,5
162979,5,Sword Art Online,65242,5
104301,4,Sword Art Online,65242,5
55461,3,Sword Art Online,65242,5
31283,2,Sword Art Online,65242,5
29045,1,Sword Art Online,65242,5
455522,10,One Punch Man,2898892,4
626356,9,One Punch Man,2898892,4
586193,8,One Punch Man,2898892,4
254157,7,One Punch Man,2898892,4
68300,6,One Punch Man,2898892,4
25111,5,One Punch Man,2898892,4
7839,4,One Punch Man,2898892,4
3099,3,One Punch Man,2898892,4
1882,2,One Punch Man,2898892,4
3423,1,One Punch Man,2898892,4
241190,10,Boku no Hero Academia,,6
397746,9,Boku no Hero Academia,,6
591004,8,Boku no Hero Academia,,6
421413,7,Boku no Hero Academia,,6
141869,6,Boku no Hero Academia,,6
56460,5,Boku no Hero Academia,,6
17082,4,Boku no Hero Academia,,6
6937,3,Boku no Hero Academia,,6
3574,2,Boku no Hero Academia,,6
6430,1,Boku no Hero Academia,,6
250681,10,Tokyo Ghoul,2571514,9
332355,9,Tokyo Ghoul,2571514,9
483060,8,Tokyo Ghoul,2571514,9
367923,7,Tokyo Ghoul,2571514,9
154590,6,Tokyo Ghoul,2571514,9
69689,5,Tokyo Ghoul,2571514,9
33010,4,Tokyo Ghoul,2571514,9
13599,3,Tokyo Ghoul,2571514,9
6917,2,Tokyo Ghoul,2571514,9
6479,1,Tokyo Ghoul,2571514,9
323854,10,Naruto,72445,8
338918,9,Naruto,72445,8
493165,8,Naruto,72445,8
395681,7,Naruto,72445,8
145369,6,Naruto,72445,8
60384,5,Naruto,72445,8
19708,4,Naruto,72445,8
7715,3,Naruto,72445,8
4487,2,Naruto,72445,8
7305,1,Naruto,72445,8
680942,10,Kimi no Na wa.,,11
484893,9,Kimi no Na wa.,,11
316321,8,Kimi no Na wa.,,11
142067,7,Kimi no Na wa.,,11
49746,6,Kimi no Na wa.,,11
20709,5,Kimi no Na wa.,,11
8436,4,Kimi no Na wa.,,11
3446,3,Kimi no Na wa.,,11
1765,2,Kimi no Na wa.,,11
5076,1,Kimi no Na wa.,,11
658155,10,Hunter x Hunter (2011),,10
467482,9,Hunter x Hunter (2011),,10
263967,8,Hunter x Hunter (2011),,10
104654,7,Hunter x Hunter (2011),,10
30619,6,Hunter x Hunter (2011),,10
13029,5,Hunter x Hunter (2011),,10
4798,4,Hunter x Hunter (2011),,10
1998,3,Hunter x Hunter (2011),,10
1517,2,Hunter x Hunter (2011),,10
6133,1,Hunter x Hunter (2011),,10
438983,10,Kimetsu no Yaiba,,7
551672,9,Kimetsu no Yaiba,,7
490779,8,Kimetsu no Yaiba,,7
209368,7,Kimetsu no Yaiba,,7
60133,6,Kimetsu no Yaiba,,7
24701,5,Kimetsu no Yaiba,,7
8359,4,Kimetsu no Yaiba,,7
3289,3,Kimetsu no Yaiba,,7
1753,2,Kimetsu no Yaiba,,7
5193,1,Kimetsu no Yaiba,,7
593130,10,Steins;Gate,,13
356540,9,Steins;Gate,,13
185128,8,Steins;Gate,,13
76580,7,Steins;Gate,,13
28426,6,Steins;Gate,,13
14953,5,Steins;Gate,,13
7182,4,Steins;Gate,,13
3311,3,Steins;Gate,,13
2519,2,Steins;Gate,,13
8242,1,Steins;Gate,,13
397487,10,Shingeki no Kyojin Season 2,,12
491815,9,Shingeki no Kyojin Season 2,,12
481247,8,Shingeki no Kyojin Season 2,,12
204210,7,Shingeki no Kyojin Season 2,,12
55592,6,Shingeki no Kyojin Season 2,,12
18092,5,Shingeki no Kyojin Season 2,,12
7117,4,Shingeki no Kyojin Season 2,,12
2417,3,Shingeki no Kyojin Season 2,,12
1261,2,Shingeki no Kyojin Season 2,,12
3416,1,Shingeki no Kyojin Season 2,,12
229679,10,Boku no Hero Academia 2nd Season,,14
406503,9,Boku no Hero Academia 2nd Season,,14
518144,8,Boku no Hero Academia 2nd Season,,14
286966,7,Boku no Hero Academia 2nd Season,,14
87119,6,Boku no Hero Academia 2nd Season,,14
31628,5,Boku no Hero Academia 2nd Season,,14
9216,4,Boku no Hero Academia 2nd Season,,14
3652,3,Boku no Hero Academia 2nd Season,,14
1824,2,Boku no Hero Academia 2nd Season,,14
3744,1,Boku no Hero Academia 2nd Season,,14
265977,10,No Game No Life,,15
340931,9,No Game No Life,,15
395802,8,No Game No Life,,15
250385,7,No Game No Life,,15
97332,6,No Game No Life,,15
42800,5,No Game No Life,,15
21092,4,No Game No Life,,15
9327,3,No Game No Life,,15
5074,2,No Game No Life,,15
5440,1,No Game No Life,,15
387311,10,Naruto: Shippuuden,,16
316182,9,Naruto: Shippuuden,,16
345052,8,Naruto: Shippuuden,,16
243852,7,Naruto: Shippuuden,,16
102193,6,Naruto: Shippuuden,,16
47490,5,Naruto: Shippuuden,,16
20923,4,Naruto: Shippuuden,,16
8672,3,Naruto: Shippuuden,,16
4515,2,Naruto: Shippuuden,,16
6175,1,Naruto: Shippuuden,,16
410758,10,Code Geass: Hangyaku no Lelouch,,18
399737,9,Code Geass: Hangyaku no Lelouch,,18
280007,8,Code Geass: Hangyaku no Lelouch,,18
121186,7,Code Geass: Hangyaku no Lelouch,,18
41023,6,Code Geass: Hangyaku no Lelouch,,18
18685,5,Code Geass: Hangyaku no Lelouch,,18
9097,4,Code Geass: Hangyaku no Lelouch,,18
3975,3,Code Geass: Hangyaku no Lelouch,,18
2150,2,Code Geass: Hangyaku no Lelouch,,18
3600,1,Code Geass: Hangyaku no Lelouch,,18
221135,10,Toradora!,,20
309150,9,Toradora!,,20
358879,8,Toradora!,,20
226854,7,Toradora!,,20
88650,6,Toradora!,,20
40161,5,Toradora!,,20
18051,4,Toradora!,,20
7521,3,Toradora!,,20
4305,2,Toradora!,,20
5068,1,Toradora!,,20
141346,10,Noragami,,23
247139,9,Noragami,,23
402963,8,Noragami,,23
267877,7,Noragami,,23
81517,6,Noragami,,23
28755,5,Noragami,,23
7884,4,Noragami,,23
2558,3,Noragami,,23
1161,2,Noragami,,23
1330,1,Noragami,,23
226322,10,Angel Beats!,,27
282037,9,Angel Beats!,,27
324526,8,Angel Beats!,,27
215757,7,Angel Beats!,,27
88966,6,Angel Beats!,,27
40715,5,Angel Beats!,,27
18487,4,Angel Beats!,,27
7664,3,Angel Beats!,,27
3629,2,Angel Beats!,,27
3282,1,Angel Beats!,,27
244654,10,Re:Zero kara Hajimeru Isekai Seikatsu,,25
351259,9,Re:Zero kara Hajimeru Isekai Seikatsu,,25
375727,8,Re:Zero kara Hajimeru Isekai Seikatsu,,25
188871,7,Re:Zero kara Hajimeru Isekai Seikatsu,,25
67305,6,Re:Zero kara Hajimeru Isekai Seikatsu,,25
29418,5,Re:Zero kara Hajimeru Isekai Seikatsu,,25
15847,4,Re:Zero kara Hajimeru Isekai Seikatsu,,25
6977,3,Re:Zero kara Hajimeru Isekai Seikatsu,,25
3957,2,Re:Zero kara Hajimeru Isekai Seikatsu,,25
5010,1,Re:Zero kara Hajimeru Isekai Seikatsu,,25
403360,10,Shigatsu wa Kimi no Uso,,22
346692,9,Shigatsu wa Kimi no Uso,,22
263637,8,Shigatsu wa Kimi no Uso,,22
126982,7,Shigatsu wa Kimi no Uso,,22
47555,6,Shigatsu wa Kimi no Uso,,22
21687,5,Shigatsu wa Kimi no Uso,,22
10557,4,Shigatsu wa Kimi no Uso,,22
4364,3,Shigatsu wa Kimi no Uso,,22
2446,2,Shigatsu wa Kimi no Uso,,22
3890,1,Shigatsu wa Kimi no Uso,,22
575813,10,Koe no Katachi,,19
449420,9,Koe no Katachi,,19
252672,8,Koe no Katachi,,19
101829,7,Koe no Katachi,,19
31720,6,Koe no Katachi,,19
11880,5,Koe no Katachi,,19
5112,4,Koe no Katachi,,19
2100,3,Koe no Katachi,,19
1183,2,Koe no Katachi,,19
3030,1,Koe no Katachi,,19
186453,10,Boku no Hero Academia 3rd Season,,26
317683,9,Boku no Hero Academia 3rd Season,,26
420025,8,Boku no Hero Academia 3rd Season,,26
250213,7,Boku no Hero Academia 3rd Season,,26
81206,6,Boku no Hero Academia 3rd Season,,26
30837,5,Boku no Hero Academia 3rd Season,,26
9866,4,Boku no Hero Academia 3rd Season,,26
3643,3,Boku no Hero Academia 3rd Season,,26
1779,2,Boku no Hero Academia 3rd Season,,26
3236,1,Boku no Hero Academia 3rd Season,,26
140912,10,Mirai Nikki (TV),,32
194730,9,Mirai Nikki (TV),,32
274235,8,Mirai Nikki (TV),,32
245045,7,Mirai Nikki (TV),,32
131925,6,Mirai Nikki (TV),,32
66772,5,Mirai Nikki (TV),,32
42934,4,Mirai Nikki (TV),,32
21764,3,Mirai Nikki (TV),,32
12591,2,Mirai Nikki (TV),,32
10236,1,Mirai Nikki (TV),,32
366449,10,Shingeki no Kyojin Season 3,,17
453997,9,Shingeki no Kyojin Season 3,,17
386154,8,Shingeki no Kyojin Season 3,,17
142091,7,Shingeki no Kyojin Season 3,,17
36281,6,Shingeki no Kyojin Season 3,,17
11507,5,Shingeki no Kyojin Season 3,,17
4634,4,Shingeki no Kyojin Season 3,,17
1765,3,Shingeki no Kyojin Season 3,,17
891,2,Shingeki no Kyojin Season 3,,17
3115,1,Shingeki no Kyojin Season 3,,17
492632,10,One Piece,180395,24
239892,9,One Piece,180395,24
191871,8,One Piece,180395,24
111786,7,One Piece,180395,24
45550,6,One Piece,180395,24
24331,5,One Piece,180395,24
10414,4,One Piece,180395,24
4821,3,One Piece,180395,24
3481,2,One Piece,180395,24
10260,1,One Piece,180395,24
143633,10,Nanatsu no Taizai,,31
232042,9,Nanatsu no Taizai,,31
361663,8,Nanatsu no Taizai,,31
281525,7,Nanatsu no Taizai,,31
114808,6,Nanatsu no Taizai,,31
54649,5,Nanatsu no Taizai,,31
26914,4,Nanatsu no Taizai,,31
12864,3,Nanatsu no Taizai,,31
6909,2,Nanatsu no Taizai,,31
7650,1,Nanatsu no Taizai,,31
137389,10,Akame ga Kill!,27080,29
199714,9,Akame ga Kill!,27080,29
308639,8,Akame ga Kill!,27080,29
277131,7,Akame ga Kill!,27080,29
138045,6,Akame ga Kill!,27080,29
69468,5,Akame ga Kill!,27080,29
40899,4,Akame ga Kill!,27080,29
17756,3,Akame ga Kill!,27080,29
8881,2,Akame ga Kill!,27080,29
6073,1,Akame ga Kill!,27080,29
255097,10,Boku dake ga Inai Machi,,30
353389,9,Boku dake ga Inai Machi,,30
344462,8,Boku dake ga Inai Machi,,30
181303,7,Boku dake ga Inai Machi,,30
63082,6,Boku dake ga Inai Machi,,30
23132,5,Boku dake ga Inai Machi,,30
11118,4,Boku dake ga Inai Machi,,30
4676,3,Boku dake ga Inai Machi,,30
2040,2,Boku dake ga Inai Machi,,30
2478,1,Boku dake ga Inai Machi,,30
101655,10,Sword Art Online II,,33
123757,9,Sword Art Online II,,33
215280,8,Sword Art Online II,,33
288655,7,Sword Art Online II,,33
205767,6,Sword Art Online II,,33
130174,5,Sword Art Online II,,33
83293,4,Sword Art Online II,,33
44827,3,Sword Art Online II,,33
27311,2,Sword Art Online II,,33
20853,1,Sword Art Online II,,33
93070,10,Ao no Exorcist,,36
157662,9,Ao no Exorcist,,36
302717,8,Ao no Exorcist,,36
312160,7,Ao no Exorcist,,36
132680,6,Ao no Exorcist,,36
54723,5,Ao no Exorcist,,36
18292,4,Ao no Exorcist,,36
6144,3,Ao no Exorcist,,36
2543,2,Ao no Exorcist,,36
1978,1,Ao no Exorcist,,36
600104,10,Shingeki no Kyojin Season 3 Part 2,,28
442174,9,Shingeki no Kyojin Season 3 Part 2,,28
218390,8,Shingeki no Kyojin Season 3 Part 2,,28
69523,7,Shingeki no Kyojin Season 3 Part 2,,28
18236,6,Shingeki no Kyojin Season 3 Part 2,,28
6569,5,Shingeki no Kyojin Season 3 Part 2,,28
2545,4,Shingeki no Kyojin Season 3 Part 2,,28
1288,3,Shingeki no Kyojin Season 3 Part 2,,28
925,2,Shingeki no Kyojin Season 3 Part 2,,28
10922,1,Shingeki no Kyojin Season 3 Part 2,,28
154380,10,Ansatsu Kyoushitsu,,35
247436,9,Ansatsu Kyoushitsu,,35
359701,8,Ansatsu Kyoushitsu,,35
208205,7,Ansatsu Kyoushitsu,,35
64471,6,Ansatsu Kyoushitsu,,35
24808,5,Ansatsu Kyoushitsu,,35
8971,4,Ansatsu Kyoushitsu,,35
3287,3,Ansatsu Kyoushitsu,,35
1565,2,Ansatsu Kyoushitsu,,35
1669,1,Ansatsu Kyoushitsu,,35
201820,10,Mob Psycho 100,41558,34
372113,9,Mob Psycho 100,41558,34
367494,8,Mob Psycho 100,41558,34
131013,7,Mob Psycho 100,41558,34
29989,6,Mob Psycho 100,41558,34
10173,5,Mob Psycho 100,41558,34
3632,4,Mob Psycho 100,41558,34
1366,3,Mob Psycho 100,41558,34
777,2,Mob Psycho 100,41558,34
1494,1,Mob Psycho 100,41558,34
175750,10,Kono Subarashii Sekai ni Shukufuku wo!,,39
287025,9,Kono Subarashii Sekai ni Shukufuku wo!,,39
380946,8,Kono Subarashii Sekai ni Shukufuku wo!,,39
200771,7,Kono Subarashii Sekai ni Shukufuku wo!,,39
64657,6,Kono Subarashii Sekai ni Shukufuku wo!,,39
24912,5,Kono Subarashii Sekai ni Shukufuku wo!,,39
10558,4,Kono Subarashii Sekai ni Shukufuku wo!,,39
4239,3,Kono Subarashii Sekai ni Shukufuku wo!,,39
2434,2,Kono Subarashii Sekai ni Shukufuku wo!,,39
2839,1,Kono Subarashii Sekai ni Shukufuku wo!,,39
236530,10,Haikyuu!!,,37
318928,9,Haikyuu!!,,37
335617,8,Haikyuu!!,,37
148685,7,Haikyuu!!,,37
39262,6,Haikyuu!!,,37
16093,5,Haikyuu!!,,37
5024,4,Haikyuu!!,,37
2084,3,Haikyuu!!,,37
1221,2,Haikyuu!!,,37
2663,1,Haikyuu!!,,37
318055,10,Jujutsu Kaisen,2012845,21
469864,9,Jujutsu Kaisen,2012845,21
358222,8,Jujutsu Kaisen,2012845,21
120216,7,Jujutsu Kaisen,2012845,21
28955,6,Jujutsu Kaisen,2012845,21
10666,5,Jujutsu Kaisen,2012845,21
3376,4,Jujutsu Kaisen,2012845,21
1392,3,Jujutsu Kaisen,2012845,21
750,2,Jujutsu Kaisen,2012845,21
2544,1,Jujutsu Kaisen,2012845,21
239516,10,Yakusoku no Neverland,,38
389634,9,Yakusoku no Neverland,,38
344851,8,Yakusoku no Neverland,,38
128153,7,Yakusoku no Neverland,,38
33584,6,Yakusoku no Neverland,,38
11772,5,Yakusoku no Neverland,,38
4742,4,Yakusoku no Neverland,,38
1726,3,Yakusoku no Neverland,,38
914,2,Yakusoku no Neverland,,38
1806,1,Yakusoku no Neverland,,38
161255,10,Bleach,,40
183188,9,Bleach,,40
256023,8,Bleach,,40
222679,7,Bleach,,40
99379,6,Bleach,,40
49682,5,Bleach,,40
20000,4,Bleach,,40
7878,3,Bleach,,40
3652,2,Bleach,,40
3704,1,Bleach,,40
177424,10,Kiseijuu: Sei no Kakuritsu,,41
317259,9,Kiseijuu: Sei no Kakuritsu,,41
333347,8,Kiseijuu: Sei no Kakuritsu,,41
155481,7,Kiseijuu: Sei no Kakuritsu,,41
43620,6,Kiseijuu: Sei no Kakuritsu,,41
15299,5,Kiseijuu: Sei no Kakuritsu,,41
5455,4,Kiseijuu: Sei no Kakuritsu,,41
1800,3,Kiseijuu: Sei no Kakuritsu,,41
927,2,Kiseijuu: Sei no Kakuritsu,,41
1212,1,Kiseijuu: Sei no Kakuritsu,,41
151538,10,Fairy Tail,,47
150642,9,Fairy Tail,,47
202622,8,Fairy Tail,,47
197314,7,Fairy Tail,,47
110765,6,Fairy Tail,,47
68615,5,Fairy Tail,,47
35803,4,Fairy Tail,,47
17274,3,Fairy Tail,,47
9728,2,Fairy Tail,,47
8879,1,Fairy Tail,,47
419433,10,Sen to Chihiro no Kamikakushi,,44
340311,9,Sen to Chihiro no Kamikakushi,,44
254067,8,Sen to Chihiro no Kamikakushi,,44
109274,7,Sen to Chihiro no Kamikakushi,,44
32123,6,Sen to Chihiro no Kamikakushi,,44
11245,5,Sen to Chihiro no Kamikakushi,,44
3618,4,Sen to Chihiro no Kamikakushi,,44
1308,3,Sen to Chihiro no Kamikakushi,,44
744,2,Sen to Chihiro no Kamikakushi,,44
1596,1,Sen to Chihiro no Kamikakushi,,44
301173,10,Cowboy Bebop,,43
245369,9,Cowboy Bebop,,43
182578,8,Cowboy Bebop,,43
86572,7,Cowboy Bebop,,43
28550,6,Cowboy Bebop,,43
12114,5,Cowboy Bebop,,43
4415,4,Cowboy Bebop,,43
1780,3,Cowboy Bebop,,43
946,2,Cowboy Bebop,,43
2047,1,Cowboy Bebop,,43
125254,10,Tokyo Ghoul √A,10155,45
148490,9,Tokyo Ghoul √A,10155,45
218982,8,Tokyo Ghoul √A,10155,45
246571,7,Tokyo Ghoul √A,10155,45
157014,6,Tokyo Ghoul √A,10155,45
90531,5,Tokyo Ghoul √A,10155,45
65312,4,Tokyo Ghoul √A,10155,45
31974,3,Tokyo Ghoul √A,10155,45
18431,2,Tokyo Ghoul √A,10155,45
14000,1,Tokyo Ghoul √A,10155,45
454353,10,Code Geass: Hangyaku no Lelouch R2,,46
317345,9,Code Geass: Hangyaku no Lelouch R2,,46
190027,8,Code Geass: Hangyaku no Lelouch R2,,46
82785,7,Code Geass: Hangyaku no Lelouch R2,,46
28766,6,Code Geass: Hangyaku no Lelouch R2,,46
12226,5,Code Geass: Hangyaku no Lelouch R2,,46
6580,4,Code Geass: Hangyaku no Lelouch R2,,46
3125,3,Code Geass: Hangyaku no Lelouch R2,,46
1657,2,Code Geass: Hangyaku no Lelouch R2,,46
3172,1,Code Geass: Hangyaku no Lelouch R2,,46
127357,10,Kill la Kill,35902,50
207717,9,Kill la Kill,35902,50
263179,8,Kill la Kill,35902,50
168448,7,Kill la Kill,35902,50
65889,6,Kill la Kill,35902,50
28523,5,Kill la Kill,35902,50
14081,4,Kill la Kill,35902,50
5443,3,Kill la Kill,35902,50
3203,2,Kill la Kill,35902,50
3167,1,Kill la Kill,35902,50
136132,10,Death Parade,,49
239831,9,Death Parade,,49
296454,8,Death Parade,,49
165360,7,Death Parade,,49
53775,6,Death Parade,,49
19685,5,Death Parade,,49
6811,4,Death Parade,,49
2179,3,Death Parade,,49
998,2,Death Parade,,49
1135,1,Death Parade,,49
268405,10,Neon Genesis Evangelion,95087,48
239075,9,Neon Genesis Evangelion,95087,48
223339,8,Neon Genesis Evangelion,95087,48
129565,7,Neon Genesis Evangelion,95087,48
52690,6,Neon Genesis Evangelion,95087,48
23927,5,Neon Genesis Evangelion,95087,48
13355,4,Neon Genesis Evangelion,95087,48
6138,3,Neon Genesis Evangelion,95087,48
4486,2,Neon Genesis Evangelion,95087,48
5486,1,Neon Genesis Evangelion,95087,48
93322,10,Another,,52
149834,9,Another,,52
247212,8,Another,,52
229988,7,Another,,52
109729,6,Another,,52
49523,5,Another,,52
24346,4,Another,,52
10869,3,Another,,52
5394,2,Another,,52
3511,1,Another,,52
89158,10,Soul Eater,,59
154153,9,Soul Eater,,59
239634,8,Soul Eater,,59
189580,7,Soul Eater,,59
71752,6,Soul Eater,,59
30180,5,Soul Eater,,59
10648,4,Soul Eater,,59
3601,3,Soul Eater,,59
1736,2,Soul Eater,,59
1778,1,Soul Eater,,59
137469,10,Shokugeki no Souma,,54
234720,9,Shokugeki no Souma,,54
307879,8,Shokugeki no Souma,,54
170877,7,Shokugeki no Souma,,54
50747,6,Shokugeki no Souma,,54
18904,5,Shokugeki no Souma,,54
7052,4,Shokugeki no Souma,,54
2820,3,Shokugeki no Souma,,54
1604,2,Shokugeki no Souma,,54
2231,1,Shokugeki no Souma,,54
123354,10,Psycho-Pass,,58
219353,9,Psycho-Pass,,58
222259,8,Psycho-Pass,,58
107496,7,Psycho-Pass,,58
34681,6,Psycho-Pass,,58
14637,5,Psycho-Pass,,58
5407,4,Psycho-Pass,,58
1899,3,Psycho-Pass,,58
860,2,Psycho-Pass,,58
1362,1,Psycho-Pass,,58
260778,10,Tengen Toppa Gurren Lagann,,61
233742,9,Tengen Toppa Gurren Lagann,,61
183593,8,Tengen Toppa Gurren Lagann,,61
94909,7,Tengen Toppa Gurren Lagann,,61
35100,6,Tengen Toppa Gurren Lagann,,61
16856,5,Tengen Toppa Gurren Lagann,,61
7115,4,Tengen Toppa Gurren Lagann,,61
2959,3,Tengen Toppa Gurren Lagann,,61
1705,2,Tengen Toppa Gurren Lagann,,61
2527,1,Tengen Toppa Gurren Lagann,,61
208754,10,Ano Hi Mita Hana no Namae wo Bokutachi wa Mada Shiranai.,,60
253694,9,Ano Hi Mita Hana no Namae wo Bokutachi wa Mada Shiranai.,,60
240401,8,Ano Hi Mita Hana no Namae wo Bokutachi wa Mada Shiranai.,,60
130529,7,Ano Hi Mita Hana no Namae wo Bokutachi wa Mada Shiranai.,,60
49801,6,Ano Hi Mita Hana no Namae wo Bokutachi wa Mada Shiranai.,,60
21181,5,Ano Hi Mita Hana no Namae wo Bokutachi wa Mada Shiranai.,,60
9695,4,Ano Hi Mita Hana no Namae wo Bokutachi wa Mada Shiranai.,,60
4083,3,Ano Hi Mita Hana no Namae wo Bokutachi wa Mada Shiranai.,,60
2050,2,Ano Hi Mita Hana no Namae wo Bokutachi wa Mada Shiranai.,,60
2530,1,Ano Hi Mita Hana no Namae wo Bokutachi wa Mada Shiranai.,,60
274595,10,Violet Evergarden,,51
245594,9,Violet Evergarden,,51
188875,8,Violet Evergarden,,51
87405,7,Violet Evergarden,,51
34038,6,Violet Evergarden,,51
15333,5,Violet Evergarden,,51
6634,4,Violet Evergarden,,51
2465,3,Violet Evergarden,,51
1215,2,Violet Evergarden,,51
2067,1,Violet Evergarden,,51
425322,10,Shingeki no Kyojin: The Final Season,,42
349092,9,Shingeki no Kyojin: The Final Season,,42
204154,8,Shingeki no Kyojin: The Final Season,,42
79733,7,Shingeki no Kyojin: The Final Season,,42
26386,6,Shingeki no Kyojin: The Final Season,,42
10114,5,Shingeki no Kyojin: The Final Season,,42
5400,4,Shingeki no Kyojin: The Final Season,,42
2347,3,Shingeki no Kyojin: The Final Season,,42
1850,2,Shingeki no Kyojin: The Final Season,,42
16625,1,Shingeki no Kyojin: The Final Season,,42
111539,10,Elfen Lied,22950,69
140288,9,Elfen Lied,22950,69
198084,8,Elfen Lied,22950,69
182862,7,Elfen Lied,22950,69
94152,6,Elfen Lied,22950,69
45185,5,Elfen Lied,22950,69
26832,4,Elfen Lied,22950,69
13577,3,Elfen Lied,22950,69
8883,2,Elfen Lied,22950,69
6765,1,Elfen Lied,22950,69
126798,10,Boku no Hero Academia 4th Season,,55
209233,9,Boku no Hero Academia 4th Season,,55
299423,8,Boku no Hero Academia 4th Season,,55
194289,7,Boku no Hero Academia 4th Season,,55
72602,6,Boku no Hero Academia 4th Season,,55
29538,5,Boku no Hero Academia 4th Season,,55
11337,4,Boku no Hero Academia 4th Season,,55
4188,3,Boku no Hero Academia 4th Season,,55
2000,2,Boku no Hero Academia 4th Season,,55
2714,1,Boku no Hero Academia 4th Season,,55
185044,10,Seishun Buta Yarou wa Bunny Girl Senpai no Yume wo Minai,,53
272690,9,Seishun Buta Yarou wa Bunny Girl Senpai no Yume wo Minai,,53
281563,8,Seishun Buta Yarou wa Bunny Girl Senpai no Yume wo Minai,,53
143942,7,Seishun Buta Yarou wa Bunny Girl Senpai no Yume wo Minai,,53
51763,6,Seishun Buta Yarou wa Bunny Girl Senpai no Yume wo Minai,,53
23527,5,Seishun Buta Yarou wa Bunny Girl Senpai no Yume wo Minai,,53
10669,4,Seishun Buta Yarou wa Bunny Girl Senpai no Yume wo Minai,,53
4568,3,Seishun Buta Yarou wa Bunny Girl Senpai no Yume wo Minai,,53
2540,2,Seishun Buta Yarou wa Bunny Girl Senpai no Yume wo Minai,,53
2952,1,Seishun Buta Yarou wa Bunny Girl Senpai no Yume wo Minai,,53
122547,10,Charlotte,,65
166309,9,Charlotte,,65
250600,8,Charlotte,,65
200645,7,Charlotte,,65
86738,6,Charlotte,,65
38033,5,Charlotte,,65
17967,4,Charlotte,,65
8393,3,Charlotte,,65
3558,2,Charlotte,,65
2431,1,Charlotte,,65
141173,10,Fullmetal Alchemist,24961,74
201748,9,Fullmetal Alchemist,24961,74
250974,8,Fullmetal Alchemist,24961,74
163698,7,Fullmetal Alchemist,24961,74
55320,6,Fullmetal Alchemist,24961,74
20142,5,Fullmetal Alchemist,24961,74
7387,4,Fullmetal Alchemist,24961,74
2284,3,Fullmetal Alchemist,24961,74
1246,2,Fullmetal Alchemist,24961,74
2014,1,Fullmetal Alchemist,24961,74
146359,10,Dr. Stone,25162,56
254709,9,Dr. Stone,25162,56
307757,8,Dr. Stone,25162,56
144343,7,Dr. Stone,25162,56
39496,6,Dr. Stone,25162,56
15228,5,Dr. Stone,25162,56
6063,4,Dr. Stone,25162,56
2279,3,Dr. Stone,25162,56
1167,2,Dr. Stone,25162,56
1363,1,Dr. Stone,25162,56
117773,10,Darling in the FranXX,,63
122823,9,Darling in the FranXX,,63
189537,8,Darling in the FranXX,,63
208860,7,Darling in the FranXX,,63
125442,6,Darling in the FranXX,,63
66019,5,Darling in the FranXX,,63
42169,4,Darling in the FranXX,,63
21096,3,Darling in the FranXX,,63
12438,2,Darling in the FranXX,,63
13271,1,Darling in the FranXX,,63
79164,10,One Punch Man 2nd Season,,62
126157,9,One Punch Man 2nd Season,,62
243152,8,One Punch Man 2nd Season,,62
256913,7,One Punch Man 2nd Season,,62
112278,6,One Punch Man 2nd Season,,62
41027,5,One Punch Man 2nd Season,,62
19183,4,One Punch Man 2nd Season,,62
6396,3,One Punch Man 2nd Season,,62
2435,2,One Punch Man 2nd Season,,62
2321,1,One Punch Man 2nd Season,,62
78308,10,Highschool of the Dead,9554,73
101345,9,Highschool of the Dead,9554,73
186670,8,Highschool of the Dead,9554,73
233185,7,Highschool of the Dead,9554,73
138655,6,Highschool of the Dead,9554,73
70878,5,Highschool of the Dead,9554,73
37109,4,Highschool of the Dead,9554,73
17924,3,Highschool of the Dead,9554,73
10781,2,Highschool of the Dead,9554,73
7312,1,Highschool of the Dead,9554,73
137106,10,Fate/Zero,,72
229154,9,Fate/Zero,,72
250193,8,Fate/Zero,,72
123637,7,Fate/Zero,,72
37343,6,Fate/Zero,,72
13875,5,Fate/Zero,,72
5241,4,Fate/Zero,,72
1873,3,Fate/Zero,,72
987,2,Fate/Zero,,72
1721,1,Fate/Zero,,72
74830,10,Hataraku Maou-sama!,,66
160514,9,Hataraku Maou-sama!,,66
305480,8,Hataraku Maou-sama!,,66
233371,7,Hataraku Maou-sama!,,66
74943,6,Hataraku Maou-sama!,,66
26660,5,Hataraku Maou-sama!,,66
7491,4,Hataraku Maou-sama!,,66
2412,3,Hataraku Maou-sama!,,66
1041,2,Hataraku Maou-sama!,,66
1011,1,Hataraku Maou-sama!,,66
80881,10,Dungeon ni Deai wo Motomeru no wa Machigatteiru Darou ka,,71
134727,9,Dungeon ni Deai wo Motomeru no wa Machigatteiru Darou ka,,71
258393,8,Dungeon ni Deai wo Motomeru no wa Machigatteiru Darou ka,,71
238153,7,Dungeon ni Deai wo Motomeru no wa Machigatteiru Darou ka,,71
95957,6,Dungeon ni Deai wo Motomeru no wa Machigatteiru Darou ka,,71
40972,5,Dungeon ni Deai wo Motomeru no wa Machigatteiru Darou ka,,71
16334,4,Dungeon ni Deai wo Motomeru no wa Machigatteiru Darou ka,,71
7297,3,Dungeon ni Deai wo Motomeru no wa Machigatteiru Darou ka,,71
3639,2,Dungeon ni Deai wo Motomeru no wa Machigatteiru Darou ka,,71
2434,1,Dungeon ni Deai wo Motomeru no wa Machigatteiru Darou ka,,71
135093,10,JoJo no Kimyou na Bouken (TV),,64
184679,9,JoJo no Kimyou na Bouken (TV),,64
286652,8,JoJo no Kimyou na Bouken (TV),,64
214246,7,JoJo no Kimyou na Bouken (TV),,64
79641,6,JoJo no Kimyou na Bouken (TV),,64
29451,5,JoJo no Kimyou na Bouken (TV),,64
12017,4,JoJo no Kimyou na Bouken (TV),,64
4731,3,JoJo no Kimyou na Bouken (TV),,64
2767,2,JoJo no Kimyou na Bouken (TV),,64
4102,1,JoJo no Kimyou na Bouken (TV),,64
162943,10,Kaguya-sama wa Kokurasetai: Tensai-tachi no Renai Zunousen,,57
299918,9,Kaguya-sama wa Kokurasetai: Tensai-tachi no Renai Zunousen,,57
321935,8,Kaguya-sama wa Kokurasetai: Tensai-tachi no Renai Zunousen,,57
124122,7,Kaguya-sama wa Kokurasetai: Tensai-tachi no Renai Zunousen,,57
30635,6,Kaguya-sama wa Kokurasetai: Tensai-tachi no Renai Zunousen,,57
11202,5,Kaguya-sama wa Kokurasetai: Tensai-tachi no Renai Zunousen,,57
4196,4,Kaguya-sama wa Kokurasetai: Tensai-tachi no Renai Zunousen,,57
1612,3,Kaguya-sama wa Kokurasetai: Tensai-tachi no Renai Zunousen,,57
969,2,Kaguya-sama wa Kokurasetai: Tensai-tachi no Renai Zunousen,,57
2197,1,Kaguya-sama wa Kokurasetai: Tensai-tachi no Renai Zunousen,,57
111384,10,Overlord,,68
171986,9,Overlord,,68
277727,8,Overlord,,68
184545,7,Overlord,,68
63084,6,Overlord,,68
25752,5,Overlord,,68
11065,4,Overlord,,68
4656,3,Overlord,,68
2157,2,Overlord,,68
1946,1,Overlord,,68
140304,10,Clannad,,78
153385,9,Clannad,,78
184159,8,Clannad,,78
127697,7,Clannad,,78
56731,6,Clannad,,78
28558,5,Clannad,,78
13414,4,Clannad,,78
5854,3,Clannad,,78
3364,2,Clannad,,78
3645,1,Clannad,,78
92701,10,Durarara!!,,79
156552,9,Durarara!!,,79
195418,8,Durarara!!,,79
116757,7,Durarara!!,,79
42334,6,Durarara!!,,79
18511,5,Durarara!!,,79
6555,4,Durarara!!,,79
2179,3,Durarara!!,,79
1076,2,Durarara!!,,79
1210,1,Durarara!!,,79
117933,10,Noragami Aragoto,,76
213986,9,Noragami Aragoto,,76
285794,8,Noragami Aragoto,,76
151319,7,Noragami Aragoto,,76
44033,6,Noragami Aragoto,,76
15042,5,Noragami Aragoto,,76
4045,4,Noragami Aragoto,,76
1236,3,Noragami Aragoto,,76
588,2,Noragami Aragoto,,76
660,1,Noragami Aragoto,,76
147997,10,Kono Subarashii Sekai ni Shukufuku wo! 2,,75
255435,9,Kono Subarashii Sekai ni Shukufuku wo! 2,,75
306109,8,Kono Subarashii Sekai ni Shukufuku wo! 2,,75
140045,7,Kono Subarashii Sekai ni Shukufuku wo! 2,,75
39284,6,Kono Subarashii Sekai ni Shukufuku wo! 2,,75
13601,5,Kono Subarashii Sekai ni Shukufuku wo! 2,,75
4806,4,Kono Subarashii Sekai ni Shukufuku wo! 2,,75
1800,3,Kono Subarashii Sekai ni Shukufuku wo! 2,,75
1045,2,Kono Subarashii Sekai ni Shukufuku wo! 2,,75
1341,1,Kono Subarashii Sekai ni Shukufuku wo! 2,,75
138372,10,Bakemonogatari,,81
200184,9,Bakemonogatari,,81
195020,8,Bakemonogatari,,81
93281,7,Bakemonogatari,,81
33056,6,Bakemonogatari,,81
15143,5,Bakemonogatari,,81
7018,4,Bakemonogatari,,81
3269,3,Bakemonogatari,,81
1887,2,Bakemonogatari,,81
2728,1,Bakemonogatari,,81
124239,10,Black Clover,,67
146382,9,Black Clover,,67
192917,8,Black Clover,,67
135944,7,Black Clover,,67
55418,6,Black Clover,,67
29794,5,Black Clover,,67
16922,4,Black Clover,,67
8622,3,Black Clover,,67
5146,2,Black Clover,,67
6165,1,Black Clover,,67
117079,10,High School DxD,,82
100868,9,High School DxD,,82
183669,8,High School DxD,,82
208859,7,High School DxD,,82
109336,6,High School DxD,,82
56312,5,High School DxD,,82
28019,4,High School DxD,,82
14545,3,High School DxD,,82
8788,2,High School DxD,,82
9001,1,High School DxD,,82
133702,10,Tate no Yuusha no Nariagari,,70
202884,9,Tate no Yuusha no Nariagari,,70
271041,8,Tate no Yuusha no Nariagari,,70
161366,7,Tate no Yuusha no Nariagari,,70
58916,6,Tate no Yuusha no Nariagari,,70
25817,5,Tate no Yuusha no Nariagari,,70
12853,4,Tate no Yuusha no Nariagari,,70
6071,3,Tate no Yuusha no Nariagari,,70
3077,2,Tate no Yuusha no Nariagari,,70
3254,1,Tate no Yuusha no Nariagari,,70
101605,10,Yahari Ore no Seishun Love Comedy wa Machigatteiru.,,83
171601,9,Yahari Ore no Seishun Love Comedy wa Machigatteiru.,,83
269852,8,Yahari Ore no Seishun Love Comedy wa Machigatteiru.,,83
160956,7,Yahari Ore no Seishun Love Comedy wa Machigatteiru.,,83
48402,6,Yahari Ore no Seishun Love Comedy wa Machigatteiru.,,83
17507,5,Yahari Ore no Seishun Love Comedy wa Machigatteiru.,,83
6083,4,Yahari Ore no Seishun Love Comedy wa Machigatteiru.,,83
2456,3,Yahari Ore no Seishun Love Comedy wa Machigatteiru.,,83
1081,2,Yahari Ore no Seishun Love Comedy wa Machigatteiru.,,83
1401,1,Yahari Ore no Seishun Love Comedy wa Machigatteiru.,,83
60433,10,Kakegurui,10144,77
99764,9,Kakegurui,10144,77
213461,8,Kakegurui,10144,77
235264,7,Kakegurui,10144,77
114552,6,Kakegurui,10144,77
52036,5,Kakegurui,10144,77
25487,4,Kakegurui,10144,77
11213,3,Kakegurui,10144,77
6510,2,Kakegurui,10144,77
5700,1,Kakegurui,10144,77
73480,10,Chuunibyou demo Koi ga Shitai!,,87
123443,9,Chuunibyou demo Koi ga Shitai!,,87
227403,8,Chuunibyou demo Koi ga Shitai!,,87
186900,7,Chuunibyou demo Koi ga Shitai!,,87
69563,6,Chuunibyou demo Koi ga Shitai!,,87
27449,5,Chuunibyou demo Koi ga Shitai!,,87
9682,4,Chuunibyou demo Koi ga Shitai!,,87
3640,3,Chuunibyou demo Koi ga Shitai!,,87
1784,2,Chuunibyou demo Koi ga Shitai!,,87
1672,1,Chuunibyou demo Koi ga Shitai!,,87
211860,10,Haikyuu!! Second Season,,84
283076,9,Haikyuu!! Second Season,,84
244113,8,Haikyuu!! Second Season,,84
87655,7,Haikyuu!! Second Season,,84
19391,6,Haikyuu!! Second Season,,84
6225,5,Haikyuu!! Second Season,,84
1554,4,Haikyuu!! Second Season,,84
588,3,Haikyuu!! Second Season,,84
346,2,Haikyuu!! Second Season,,84
1346,1,Haikyuu!! Second Season,,84
182926,10,Ansatsu Kyoushitsu 2nd Season,,85
244388,9,Ansatsu Kyoushitsu 2nd Season,,85
228476,8,Ansatsu Kyoushitsu 2nd Season,,85
101795,7,Ansatsu Kyoushitsu 2nd Season,,85
29407,6,Ansatsu Kyoushitsu 2nd Season,,85
10327,5,Ansatsu Kyoushitsu 2nd Season,,85
3444,4,Ansatsu Kyoushitsu 2nd Season,,85
1193,3,Ansatsu Kyoushitsu 2nd Season,,85
639,2,Ansatsu Kyoushitsu 2nd Season,,85
1001,1,Ansatsu Kyoushitsu 2nd Season,,85
82271,10,Hyouka,,86
141643,9,Hyouka,,86
185674,8,Hyouka,,86
109926,7,Hyouka,,86
40781,6,Hyouka,,86
17871,5,Hyouka,,86
6492,4,Hyouka,,86
2162,3,Hyouka,,86
1199,2,Hyouka,,86
1247,1,Hyouka,,86
230081,10,Mob Psycho 100 II,30436,80
311088,9,Mob Psycho 100 II,30436,80
201970,8,Mob Psycho 100 II,30436,80
63263,7,Mob Psycho 100 II,30436,80
13724,6,Mob Psycho 100 II,30436,80
3910,5,Mob Psycho 100 II,30436,80
1105,4,Mob Psycho 100 II,30436,80
425,3,Mob Psycho 100 II,30436,80
241,2,Mob Psycho 100 II,30436,80
1392,1,Mob Psycho 100 II,30436,80
165730,10,Mahou Shoujo Madoka★Magica,,94
189304,9,Mahou Shoujo Madoka★Magica,,94
181255,8,Mahou Shoujo Madoka★Magica,,94
94803,7,Mahou Shoujo Madoka★Magica,,94
35857,6,Mahou Shoujo Madoka★Magica,,94
15889,5,Mahou Shoujo Madoka★Magica,,94
7251,4,Mahou Shoujo Madoka★Magica,,94
3084,3,Mahou Shoujo Madoka★Magica,,94
1799,2,Mahou Shoujo Madoka★Magica,,94
2574,1,Mahou Shoujo Madoka★Magica,,94
65285,10,Owari no Seraph,,90
93853,9,Owari no Seraph,,90
181783,8,Owari no Seraph,,90
187221,7,Owari no Seraph,,90
79700,6,Owari no Seraph,,90
34345,5,Owari no Seraph,,90
13919,4,Owari no Seraph,,90
5816,3,Owari no Seraph,,90
2573,2,Owari no Seraph,,90
2016,1,Owari no Seraph,,90
42531,10,Deadman Wonderland,6435,98
77793,9,Deadman Wonderland,6435,98
155868,8,Deadman Wonderland,6435,98
187756,7,Deadman Wonderland,6435,98
100655,6,Deadman Wonderland,6435,98
45176,5,Deadman Wonderland,6435,98
21712,4,Deadman Wonderland,6435,98
8972,3,Deadman Wonderland,6435,98
4304,2,Deadman Wonderland,6435,98
2626,1,Deadman Wonderland,6435,98
109242,10,Sakura-sou no Pet na Kanojo,,96
159384,9,Sakura-sou no Pet na Kanojo,,96
196862,8,Sakura-sou no Pet na Kanojo,,96
122066,7,Sakura-sou no Pet na Kanojo,,96
45291,6,Sakura-sou no Pet na Kanojo,,96
19207,5,Sakura-sou no Pet na Kanojo,,96
7390,4,Sakura-sou no Pet na Kanojo,,96
2920,3,Sakura-sou no Pet na Kanojo,,96
1363,2,Sakura-sou no Pet na Kanojo,,96
1444,1,Sakura-sou no Pet na Kanojo,,96
73041,10,Guilty Crown,16703,101
92114,9,Guilty Crown,16703,101
143055,8,Guilty Crown,16703,101
140872,7,Guilty Crown,16703,101
75127,6,Guilty Crown,16703,101
38319,5,Guilty Crown,16703,101
22891,4,Guilty Crown,16703,101
10360,3,Guilty Crown,16703,101
5450,2,Guilty Crown,16703,101
4420,1,Guilty Crown,16703,101
116880,10,Kaichou wa Maid-sama!,,99
143906,9,Kaichou wa Maid-sama!,,99
193663,8,Kaichou wa Maid-sama!,,99
136106,7,Kaichou wa Maid-sama!,,99
52115,6,Kaichou wa Maid-sama!,,99
22761,5,Kaichou wa Maid-sama!,,99
8134,4,Kaichou wa Maid-sama!,,99
3199,3,Kaichou wa Maid-sama!,,99
1631,2,Kaichou wa Maid-sama!,,99
1604,1,Kaichou wa Maid-sama!,,99
171706,10,Made in Abyss,,91
225176,9,Made in Abyss,,91
160361,8,Made in Abyss,,91
60945,7,Made in Abyss,,91
18283,6,Made in Abyss,,91
7202,5,Made in Abyss,,91
3045,4,Made in Abyss,,91
1367,3,Made in Abyss,,91
790,2,Made in Abyss,,91
1475,1,Made in Abyss,,91
261438,10,Howl no Ugoku Shiro,,95
229549,9,Howl no Ugoku Shiro,,95
193144,8,Howl no Ugoku Shiro,,95
88834,7,Howl no Ugoku Shiro,,95
26685,6,Howl no Ugoku Shiro,,95
9145,5,Howl no Ugoku Shiro,,95
3286,4,Howl no Ugoku Shiro,,95
1102,3,Howl no Ugoku Shiro,,95
538,2,Howl no Ugoku Shiro,,95
863,1,Howl no Ugoku Shiro,,95
130726,10,Samurai Champloo,,102
182087,9,Samurai Champloo,,102
164611,8,Samurai Champloo,,102
77022,7,Samurai Champloo,,102
21952,6,Samurai Champloo,,102
7990,5,Samurai Champloo,,102
2441,4,Samurai Champloo,,102
1022,3,Samurai Champloo,,102
463,2,Samurai Champloo,,102
1080,1,Samurai Champloo,,102
180820,10,Dragon Ball Z,34341,104
160134,9,Dragon Ball Z,34341,104
203735,8,Dragon Ball Z,34341,104
147886,7,Dragon Ball Z,34341,104
55288,6,Dragon Ball Z,34341,104
22438,5,Dragon Ball Z,34341,104
6972,4,Dragon Ball Z,34341,104
2635,3,Dragon Ball Z,34341,104
1377,2,Dragon Ball Z,34341,104
2289,1,Dragon Ball Z,34341,104
118085,10,Tensei shitara Slime Datta Ken,,89
181024,9,Tensei shitara Slime Datta Ken,,89
249011,8,Tensei shitara Slime Datta Ken,,89
136564,7,Tensei shitara Slime Datta Ken,,89
41921,6,Tensei shitara Slime Datta Ken,,89
16499,5,Tensei shitara Slime Datta Ken,,89
6339,4,Tensei shitara Slime Datta Ken,,89
2633,3,Tensei shitara Slime Datta Ken,,89
1167,2,Tensei shitara Slime Datta Ken,,89
1687,1,Tensei shitara Slime Datta Ken,,89
283804,10,Clannad: After Story,,106
156526,9,Clannad: After Story,,106
96126,8,Clannad: After Story,,106
45731,7,Clannad: After Story,,106
18604,6,Clannad: After Story,,106
8960,5,Clannad: After Story,,106
4594,4,Clannad: After Story,,106
2091,3,Clannad: After Story,,106
1551,2,Clannad: After Story,,106
3189,1,Clannad: After Story,,106
69834,10,Bungou Stray Dogs,,92
104457,9,Bungou Stray Dogs,,92
200075,8,Bungou Stray Dogs,,92
157476,7,Bungou Stray Dogs,,92
49035,6,Bungou Stray Dogs,,92
18637,5,Bungou Stray Dogs,,92
6073,4,Bungou Stray Dogs,,92
2127,3,Bungou Stray Dogs,,92
851,2,Bungou Stray Dogs,,92
825,1,Bungou Stray Dogs,,92
